{"cameraMode":{"drawMode":0,"name":"Shaded","section":"Shading Mode"},"sceneLighting":true,"audioPlay":false,"sceneViewState":{"showFog":true,"showMaterialUpdate":false,"showSkybox":true,"showFlares":true,"showImageEffects":true,"showParticleSystems":true,"showVisualEffectGraphs":true,"m_FxEnabled":true},"in2DMode":false,"pivot":{"x":587.5074462890625,"y":324.291259765625,"z":-5.321695327758789},"rotation":{"x":-0.015307174064218998,"y":0.015594332478940487,"z":-0.00023864016111474484,"w":-0.9997619986534119},"size":472.850341796875,"orthographic":false}